Seed,Dataset,Model,Sequence Length,Embedding Size,Memory Usage (MB),Training Time (seconds),Training Time per Epoch (seconds),NDCG@10,HIT@10
0,Beauty,BERT4Rec,20,64,4947,1132,226,0.254,0.404
0,Beauty,BERT4Rec,20,128,5170,1182,236,0.251,0.402
0,Beauty,BERT4Rec,20,256,5622,1320,264,0.243,0.381
0,Beauty,BERT4Rec,50,64,12087,1247,249,0.252,0.403
0,Beauty,BERT4Rec,50,128,12370,1198,240,0.251,0.400
0,Beauty,BERT4Rec,50,256,12963,1426,285,0.243,0.380
0,Beauty,BERT4Rec,100,64,23991,1353,271,0.250,0.399
0,Beauty,BERT4Rec,100,128,24393,1488,298,0.250,0.398
0,Beauty,BERT4Rec,100,256,25180,1857,371,0.244,0.380
42,Beauty,BERT4Rec,20,64,4947,1346,269,0.251,0.400
42,Beauty,BERT4Rec,20,128,5170,1999,400,0.251,0.398
42,Beauty,BERT4Rec,20,256,5622,1892,378,0.239,0.378
42,Beauty,BERT4Rec,50,64,12087,1234,247,0.251,0.403
42,Beauty,BERT4Rec,50,128,12370,1238,248,0.254,0.402
42,Beauty,BERT4Rec,50,256,12963,1380,276,0.244,0.385
42,Beauty,BERT4Rec,100,64,23991,1303,261,0.254,0.407
42,Beauty,BERT4Rec,100,128,24393,1408,282,0.250,0.395
42,Beauty,BERT4Rec,100,256,25180,1742,348,0.240,0.377
123,Beauty,BERT4Rec,20,64,4947,1031,206,0.248,0.399
123,Beauty,BERT4Rec,20,128,5170,1118,224,0.255,0.407
123,Beauty,BERT4Rec,20,256,5622,1214,243,0.247,0.388
123,Beauty,BERT4Rec,50,64,12087,1142,228,0.252,0.401
123,Beauty,BERT4Rec,50,128,12370,1246,249,0.254,0.400
123,Beauty,BERT4Rec,50,256,12963,1449,290,0.252,0.393
123,Beauty,BERT4Rec,100,64,23991,1346,269,0.250,0.398
123,Beauty,BERT4Rec,100,128,24393,1580,316,0.250,0.395
123,Beauty,BERT4Rec,100,256,25180,1933,387,0.246,0.383
0,Beauty,Cotten4Rec,20,64,3781,1066,213,0.250,0.398
0,Beauty,Cotten4Rec,20,128,4014,1126,225,0.242,0.392
0,Beauty,Cotten4Rec,20,256,4488,1643,329,0.244,0.392
0,Beauty,Cotten4Rec,50,64,9135,1204,241,0.249,0.398
0,Beauty,Cotten4Rec,50,128,9426,1315,263,0.249,0.397
0,Beauty,Cotten4Rec,50,256,10024,1408,282,0.232,0.372
0,Beauty,Cotten4Rec,100,64,18055,1388,278,0.252,0.404
0,Beauty,Cotten4Rec,100,128,18449,1490,298,0.247,0.393
0,Beauty,Cotten4Rec,100,256,19228,1637,327,0.237,0.376
42,Beauty,Cotten4Rec,20,64,3781,1129,226,0.250,0.401
42,Beauty,Cotten4Rec,20,128,4014,1175,235,0.247,0.396
42,Beauty,Cotten4Rec,20,256,4488,1199,240,0.239,0.381
42,Beauty,Cotten4Rec,50,64,9135,1194,239,0.252,0.407
42,Beauty,Cotten4Rec,50,128,9426,1248,250,0.247,0.392
42,Beauty,Cotten4Rec,50,256,10024,1311,262,0.243,0.389
42,Beauty,Cotten4Rec,100,64,18055,1372,274,0.253,0.404
42,Beauty,Cotten4Rec,100,128,18449,1431,286,0.243,0.392
42,Beauty,Cotten4Rec,100,256,19228,1663,333,0.240,0.380
123,Beauty,Cotten4Rec,20,64,3781,1151,230,0.249,0.397
123,Beauty,Cotten4Rec,20,128,4014,1116,223,0.247,0.394
123,Beauty,Cotten4Rec,20,256,4488,1232,246,0.232,0.376
123,Beauty,Cotten4Rec,50,64,9135,1249,250,0.252,0.403
123,Beauty,Cotten4Rec,50,128,9426,1281,256,0.244,0.393
123,Beauty,Cotten4Rec,50,256,10024,1387,277,0.235,0.380
123,Beauty,Cotten4Rec,100,64,18055,1446,289,0.253,0.404
123,Beauty,Cotten4Rec,100,128,18449,1507,301,0.245,0.394
123,Beauty,Cotten4Rec,100,256,19228,1685,337,0.242,0.385
0,Beauty,LinRec,20,64,4952,1096,219,0.252,0.405
0,Beauty,LinRec,20,128,5186,1119,224,0.252,0.401
0,Beauty,LinRec,20,256,5668,1230,246,0.252,0.393
0,Beauty,LinRec,50,64,12085,1199,240,0.257,0.412
0,Beauty,LinRec,50,128,12388,1321,264,0.247,0.392
0,Beauty,LinRec,50,256,13023,1518,304,0.241,0.380
0,Beauty,LinRec,100,64,23964,1393,279,0.252,0.404
0,Beauty,LinRec,100,128,24394,1555,311,0.252,0.397
0,Beauty,LinRec,100,256,25245,1846,369,0.241,0.377
42,Beauty,LinRec,20,64,4952,1155,231,0.250,0.400
42,Beauty,LinRec,20,128,5186,1343,269,0.249,0.395
42,Beauty,LinRec,20,256,5668,1474,295,0.244,0.385
42,Beauty,LinRec,50,64,12085,1197,239,0.253,0.405
42,Beauty,LinRec,50,128,12388,1268,254,0.252,0.398
42,Beauty,LinRec,50,256,13023,1437,287,0.240,0.378
42,Beauty,LinRec,100,64,23964,1345,269,0.251,0.405
42,Beauty,LinRec,100,128,24394,1543,309,0.250,0.400
42,Beauty,LinRec,100,256,25245,1850,370,0.242,0.381
123,Beauty,LinRec,20,64,4952,1118,224,0.250,0.400
123,Beauty,LinRec,20,128,5186,1123,225,0.246,0.392
123,Beauty,LinRec,20,256,5668,1235,247,0.238,0.376
123,Beauty,LinRec,50,64,12085,1168,234,0.250,0.399
123,Beauty,LinRec,50,128,12388,1320,264,0.254,0.399
123,Beauty,LinRec,50,256,13023,1447,289,0.241,0.375
123,Beauty,LinRec,100,64,23964,1386,277,0.252,0.401
123,Beauty,LinRec,100,128,24394,1518,304,0.255,0.398
123,Beauty,LinRec,100,256,25245,1807,361,0.241,0.378
0,ML-1M,BERT4Rec,50,64,507,255,13,0.277,0.493
0,ML-1M,BERT4Rec,50,128,622,273,14,0.389,0.633
0,ML-1M,BERT4Rec,50,256,873,282,14,0.480,0.709
0,ML-1M,BERT4Rec,100,64,1014,255,13,0.264,0.476
0,ML-1M,BERT4Rec,100,128,1248,265,13,0.360,0.610
0,ML-1M,BERT4Rec,100,256,1691,291,15,0.482,0.717
0,ML-1M,BERT4Rec,200,64,2104,276,14,0.261,0.480
0,ML-1M,BERT4Rec,200,128,2531,297,15,0.332,0.583
0,ML-1M,BERT4Rec,200,256,3431,324,16,0.473,0.710
0,ML-1M,Cotten4Rec,50,64,396,282,14,0.263,0.471
0,ML-1M,Cotten4Rec,50,128,499,408,20,0.305,0.533
0,ML-1M,Cotten4Rec,50,256,727,440,22,0.392,0.634
0,ML-1M,Cotten4Rec,100,64,764,367,18,0.264,0.477
0,ML-1M,Cotten4Rec,100,128,974,418,21,0.300,0.531
0,ML-1M,Cotten4Rec,100,256,1383,464,23,0.380,0.624
0,ML-1M,Cotten4Rec,200,64,1509,408,20,0.252,0.461
0,ML-1M,Cotten4Rec,200,128,1900,446,22,0.296,0.528
0,ML-1M,Cotten4Rec,200,256,2711,552,28,0.378,0.624
0,ML-1M,LinRec,50,64,506,281,14,0.266,0.482
0,ML-1M,LinRec,50,128,638,288,14,0.336,0.580
0,ML-1M,LinRec,50,256,932,295,15,0.471,0.705
0,ML-1M,LinRec,100,64,989,276,14,0.262,0.476
0,ML-1M,LinRec,100,128,1249,299,15,0.326,0.578
0,ML-1M,LinRec,100,256,1757,308,15,0.445,0.690
0,ML-1M,LinRec,200,64,1957,297,15,0.261,0.475
0,ML-1M,LinRec,200,128,2432,315,16,0.315,0.562
0,ML-1M,LinRec,200,256,3447,340,17,0.403,0.662
42,ML-1M,BERT4Rec,50,64,507,247,12,0.270,0.488
42,ML-1M,BERT4Rec,50,128,622,265,13,0.392,0.633
42,ML-1M,BERT4Rec,50,256,873,271,14,0.475,0.703
42,ML-1M,BERT4Rec,100,64,1014,255,13,0.264,0.478
42,ML-1M,BERT4Rec,100,128,1248,275,14,0.374,0.620
42,ML-1M,BERT4Rec,100,256,1691,310,16,0.483,0.707
42,ML-1M,BERT4Rec,200,64,2104,282,14,0.262,0.475
42,ML-1M,BERT4Rec,200,128,2531,280,14,0.361,0.618
42,ML-1M,BERT4Rec,200,256,3431,327,16,0.464,0.702
42,ML-1M,Cotten4Rec,50,64,396,364,18,0.266,0.479
42,ML-1M,Cotten4Rec,50,128,499,404,20,0.299,0.521
42,ML-1M,Cotten4Rec,50,256,727,483,24,0.385,0.615
42,ML-1M,Cotten4Rec,100,64,764,375,19,0.260,0.469
42,ML-1M,Cotten4Rec,100,128,974,442,22,0.299,0.524
42,ML-1M,Cotten4Rec,100,256,1383,512,26,0.379,0.621
42,ML-1M,Cotten4Rec,200,64,1509,410,20,0.257,0.467
42,ML-1M,Cotten4Rec,200,128,1900,474,24,0.299,0.526
42,ML-1M,Cotten4Rec,200,256,2711,544,27,0.374,0.618
42,ML-1M,LinRec,50,64,506,365,18,0.264,0.478
42,ML-1M,LinRec,50,128,638,289,14,0.342,0.587
42,ML-1M,LinRec,50,256,932,294,15,0.462,0.694
42,ML-1M,LinRec,100,64,989,280,14,0.262,0.474
42,ML-1M,LinRec,100,128,1249,292,15,0.325,0.572
42,ML-1M,LinRec,100,256,1757,326,16,0.439,0.676
42,ML-1M,LinRec,200,64,1957,294,15,0.259,0.464
42,ML-1M,LinRec,200,128,2432,307,15,0.320,0.570
42,ML-1M,LinRec,200,256,3447,333,17,0.374,0.627
123,ML-1M,BERT4Rec,50,64,507,246,12,0.273,0.482
123,ML-1M,BERT4Rec,50,128,622,272,14,0.398,0.641
123,ML-1M,BERT4Rec,50,256,873,284,14,0.479,0.702
123,ML-1M,BERT4Rec,100,64,1014,260,13,0.267,0.488
123,ML-1M,BERT4Rec,100,128,1248,269,13,0.370,0.617
123,ML-1M,BERT4Rec,100,256,1691,276,14,0.478,0.709
123,ML-1M,BERT4Rec,200,64,2104,277,14,0.260,0.473
123,ML-1M,BERT4Rec,200,128,2531,284,14,0.342,0.595
123,ML-1M,BERT4Rec,200,256,3431,334,17,0.467,0.705
123,ML-1M,Cotten4Rec,50,64,396,371,19,0.265,0.472
123,ML-1M,Cotten4Rec,50,128,499,433,22,0.297,0.519
123,ML-1M,Cotten4Rec,50,256,727,452,23,0.387,0.624
123,ML-1M,Cotten4Rec,100,64,764,374,19,0.260,0.477
123,ML-1M,Cotten4Rec,100,128,974,417,21,0.306,0.535
123,ML-1M,Cotten4Rec,100,256,1383,471,24,0.379,0.620
123,ML-1M,Cotten4Rec,200,64,1509,411,21,0.253,0.468
123,ML-1M,Cotten4Rec,200,128,1900,474,24,0.299,0.529
123,ML-1M,Cotten4Rec,200,256,2711,527,26,0.382,0.624
123,ML-1M,LinRec,50,64,506,278,14,0.263,0.475
123,ML-1M,LinRec,50,128,638,291,15,0.345,0.586
123,ML-1M,LinRec,50,256,932,291,15,0.467,0.704
123,ML-1M,LinRec,100,64,989,278,14,0.267,0.485
123,ML-1M,LinRec,100,128,1249,291,15,0.333,0.577
123,ML-1M,LinRec,100,256,1757,313,16,0.453,0.694
123,ML-1M,LinRec,200,64,1957,294,15,0.262,0.480
123,ML-1M,LinRec,200,128,2432,317,16,0.316,0.568
123,ML-1M,LinRec,200,256,3447,349,17,0.393,0.642
0,ML-20M,BERT4Rec,50,64,2792,609,30,0.721,0.921
0,ML-20M,BERT4Rec,50,128,2944,720,36,0.759,0.936
0,ML-20M,BERT4Rec,50,256,3258,1000,50,0.775,0.941
0,ML-20M,BERT4Rec,100,64,5546,896,45,0.724,0.927
0,ML-20M,BERT4Rec,100,128,5814,1148,57,0.761,0.940
0,ML-20M,BERT4Rec,100,256,6323,1713,86,0.785,0.945
0,ML-20M,BERT4Rec,200,64,11136,1522,76,0.724,0.926
0,ML-20M,BERT4Rec,200,128,11603,2033,102,0.762,0.944
0,ML-20M,BERT4Rec,200,256,12568,3188,159,0.783,0.946
42,ML-20M,BERT4Rec,50,64,2792,619,31,0.723,0.921
42,ML-20M,BERT4Rec,50,128,2944,737,37,0.757,0.936
42,ML-20M,BERT4Rec,50,256,3258,1029,51,0.774,0.941
42,ML-20M,BERT4Rec,100,64,5546,919,46,0.723,0.922
42,ML-20M,BERT4Rec,100,128,5814,1158,58,0.763,0.940
42,ML-20M,BERT4Rec,100,256,6323,1739,87,0.781,0.945
42,ML-20M,BERT4Rec,200,64,11136,1575,79,0.732,0.928
42,ML-20M,BERT4Rec,200,128,11603,2015,101,0.760,0.941
42,ML-20M,BERT4Rec,200,256,12568,3215,161,0.785,0.948
123,ML-20M,BERT4Rec,50,64,2792,589,29,0.719,0.920
123,ML-20M,BERT4Rec,50,128,2944,697,35,0.754,0.933
123,ML-20M,BERT4Rec,50,256,3258,989,49,0.770,0.938
123,ML-20M,BERT4Rec,100,64,5546,1209,60,0.721,0.924
123,ML-20M,BERT4Rec,100,128,5814,1515,76,0.757,0.936
123,ML-20M,BERT4Rec,100,256,6323,1849,92,0.780,0.945
123,ML-20M,BERT4Rec,200,64,11136,1590,79,0.723,0.925
123,ML-20M,BERT4Rec,200,128,11603,2087,104,0.757,0.937
123,ML-20M,BERT4Rec,200,256,12568,3182,159,0.781,0.945
0,ML-20M,Cotten4Rec,50,64,2119,707,35,0.701,0.912
0,ML-20M,Cotten4Rec,50,128,2266,630,32,0.741,0.930
0,ML-20M,Cotten4Rec,50,256,2561,908,45,0.769,0.939
0,ML-20M,Cotten4Rec,100,64,4175,740,37,0.698,0.918
0,ML-20M,Cotten4Rec,100,128,4427,904,45,0.742,0.933
0,ML-20M,Cotten4Rec,100,256,4901,1534,77,0.777,0.945
0,ML-20M,Cotten4Rec,200,64,8296,1070,54,0.701,0.921
0,ML-20M,Cotten4Rec,200,128,8728,1410,70,0.745,0.935
0,ML-20M,Cotten4Rec,200,256,9606,2627,131,0.775,0.946
42,ML-20M,Cotten4Rec,50,64,2119,539,27,0.707,0.913
42,ML-20M,Cotten4Rec,50,128,2266,606,30,0.749,0.930
42,ML-20M,Cotten4Rec,50,256,2561,894,45,0.768,0.939
42,ML-20M,Cotten4Rec,100,64,4175,707,35,0.704,0.916
42,ML-20M,Cotten4Rec,100,128,4427,911,46,0.747,0.936
42,ML-20M,Cotten4Rec,100,256,4901,1475,74,0.772,0.943
42,ML-20M,Cotten4Rec,200,64,8296,1065,53,0.701,0.919
42,ML-20M,Cotten4Rec,200,128,8728,1412,71,0.739,0.934
42,ML-20M,Cotten4Rec,200,256,9606,2625,131,0.773,0.948
123,ML-20M,Cotten4Rec,50,64,2119,546,27,0.698,0.913
123,ML-20M,Cotten4Rec,50,128,2266,603,30,0.736,0.929
123,ML-20M,Cotten4Rec,50,256,2561,898,45,0.762,0.936
123,ML-20M,Cotten4Rec,100,64,4175,724,36,0.701,0.913
123,ML-20M,Cotten4Rec,100,128,4427,922,46,0.741,0.932
123,ML-20M,Cotten4Rec,100,256,4901,1530,76,0.769,0.941
123,ML-20M,Cotten4Rec,200,64,8296,1103,55,0.698,0.918
123,ML-20M,Cotten4Rec,200,128,8728,1459,73,0.740,0.934
123,ML-20M,Cotten4Rec,200,256,9606,2725,136,0.768,0.941
0,ML-20M,LinRec,50,64,2792,629,31,0.720,0.922
0,ML-20M,LinRec,50,128,2961,728,36,0.754,0.936
0,ML-20M,LinRec,50,256,3316,1029,51,0.777,0.940
0,ML-20M,LinRec,100,64,5521,906,45,0.723,0.927
0,ML-20M,LinRec,100,128,5817,1141,57,0.756,0.940
0,ML-20M,LinRec,100,256,6388,1730,87,0.787,0.946
0,ML-20M,LinRec,200,64,10993,1511,76,0.714,0.927
0,ML-20M,LinRec,200,128,11505,1992,100,0.755,0.940
0,ML-20M,LinRec,200,256,12584,3142,157,0.781,0.947
42,ML-20M,LinRec,50,64,2792,658,33,0.721,0.923
42,ML-20M,LinRec,50,128,2961,764,38,0.753,0.936
42,ML-20M,LinRec,50,256,3316,1058,53,0.775,0.940
42,ML-20M,LinRec,100,64,5521,933,47,0.721,0.926
42,ML-20M,LinRec,100,128,5817,1167,58,0.756,0.939
42,ML-20M,LinRec,100,256,6388,1772,89,0.781,0.944
42,ML-20M,LinRec,200,64,10993,1527,76,0.721,0.926
42,ML-20M,LinRec,200,128,11505,2001,100,0.754,0.940
42,ML-20M,LinRec,200,256,12584,3168,158,0.783,0.946
123,ML-20M,LinRec,50,64,2792,656,33,0.717,0.920
123,ML-20M,LinRec,50,128,2961,771,39,0.751,0.931
123,ML-20M,LinRec,50,256,3316,1064,53,0.772,0.939
123,ML-20M,LinRec,100,64,5521,938,47,0.715,0.921
123,ML-20M,LinRec,100,128,5817,1185,59,0.755,0.938
123,ML-20M,LinRec,100,256,6388,1735,87,0.775,0.945
123,ML-20M,LinRec,200,64,10993,1531,77,0.711,0.922
123,ML-20M,LinRec,200,128,11505,1990,99,0.752,0.935
123,ML-20M,LinRec,200,256,12584,3364,168,0.778,0.944